1,jvhvjhvhj,hbjvgycy,vivuyyu,+38(067)3225508,+38(057)1115750,efvrctjnt,esxs@cfvcdfc.xxx,1
13,jvhvjhvhj,hbjvgycy,vivuyyu,+38(067)3225508,+38(057)1115750,efvrctjnt,esxs@cfvcdfc.xxx,1
5,jvhvjhvhj,роморм,vivuyyu,+38(067)3225508,+38(057)1115750,efvrctjnt,esxs@cfvcdfc.xxx,1
20,Имяффф,hbjvgycy,vivuyyu,+38(067)3225508,+38(057)1115750,цвпрмуасмуашгс,esxs@cfvcdfc.xxx,55
11,bhbhb,приорр,vivuyyu,+38(067)3225508,+38(057)1115750,efvrб\,ctjnt,esxs@cfvcdfc.xxx,54
2,jvhvjhvhj,hbjvgycy,++++++,+38(067)3225508,+38(057)1115750,efvrctjnt,esxs@cfvcdfc.xxx,54
21,jhvjhjhbjv,hvhgvh,nbbnn,+38(066)1234567,+38(044)1234569,,bb@jbjbj.k,55
23,Вован,Киров.,Аппоом,+38(067)7894562,,А,Апр@про.мрп,55
22,Александр,Хорьков,Борисович,+38(098)1234568,,Аоо\,иссоо 2546/369,Роолл@прроо.ссо,55
19,процесс,hbjvgycy,vivuyyu,+38(067)3225508,+38(057)1115750,efvr,esxs@cfvcdfc.xxx,54
